﻿﻿<?xml version="1.0" encoding="utf-8"?><ArrayOfVUEMSystemMonitoringSetting xmlns:xsd="http://www.w3.org/2001/XMLSchema" xmlns:xsi="http://www.w3.org/2001/XMLSchema-instance"><VUEMSystemMonitoringSetting><State>1</State><IdItem>1</IdItem><IdSite>1</IdSite><RevisionId>2</RevisionId><Name>EnableSystemMonitoring</Name><Value>0</Value><Reserved01 /></VUEMSystemMonitoringSetting><VUEMSystemMonitoringSetting><State>1</State><IdItem>2</IdItem><IdSite>1</IdSite><RevisionId>2</RevisionId><Name>EnableGlobalSystemMonitoring</Name><Value>0</Value><Reserved01 /></VUEMSystemMonitoringSetting><VUEMSystemMonitoringSetting><State>1</State><IdItem>3</IdItem><IdSite>1</IdSite><RevisionId>2</RevisionId><Name>EnableProcessActivityMonitoring</Name><Value>0</Value><Reserved01 /></VUEMSystemMonitoringSetting><VUEMSystemMonitoringSetting><State>1</State><IdItem>4</IdItem><IdSite>1</IdSite><RevisionId>2</RevisionId><Name>EnableUserExperienceMonitoring</Name><Value>0</Value><Reserved01 /></VUEMSystemMonitoringSetting><VUEMSystemMonitoringSetting><State>1</State><IdItem>5</IdItem><IdSite>1</IdSite><RevisionId>2</RevisionId><Name>LocalDatabaseRetentionPeriod</Name><Value>3</Value><Reserved01 /></VUEMSystemMonitoringSetting><VUEMSystemMonitoringSetting><State>1</State><IdItem>6</IdItem><IdSite>1</IdSite><RevisionId>2</RevisionId><Name>LocalDataUploadFrequency</Name><Value>4</Value><Reserved01 /></VUEMSystemMonitoringSetting><VUEMSystemMonitoringSetting><State>1</State><IdItem>7</IdItem><IdSite>1</IdSite><RevisionId>2</RevisionId><Name>EnableApplicationReportsWindows2K3XPCompliance</Name><Value>0</Value><Reserved01 /></VUEMSystemMonitoringSetting><VUEMSystemMonitoringSetting><State>1</State><IdItem>8</IdItem><IdSite>1</IdSite><RevisionId>2</RevisionId><Name>ExcludeProcessesFromApplicationReports</Name><Value>1</Value><Reserved01 /></VUEMSystemMonitoringSetting><VUEMSystemMonitoringSetting><State>1</State><IdItem>9</IdItem><IdSite>1</IdSite><RevisionId>2</RevisionId><Name>ExcludedProcessesFromApplicationReports</Name><Value>dwm;taskhost;vmtoolsd;winlogon;csrss;wisptis;dllhost;consent;msiexec;userinit;LogonUI;mscorsvw;SearchProtocolHost;Rundll32;explorer;regsvr32;WmiPrvSE;services;smss;SearchFilterHost;lsass;svchost;lsm;msdtc;wininit;VGAuthService;SearchIndexer;spoolsv;vmtoolsd;vmacthlp;audiodg;VMwareResolutionSet;mobsync;wsqmcons;schtasks;Defrag;conhost;VSSVC;sdclt;MpCmdRun;WMIADAP;encsvc;wfshell;CpSvc;VDARedirector;CpSvc64;SemsService;ctxrdr;PicaSvc2;encsvc;GfxMgr;PicaSessionAgent;CtxGfx;PicaTwiHost;PicaUserAgent;VDARedirector;PicaShell;PicaEuemRelay;CtxMtHost;CtxSensLoader;ssonsvr;concentr;wfcrun32;pnamain;redirector;concentr;pnamain;pnagent;IMAAdvanceSrv;mfcom;ctxxmlss;Citrix.XenApp.Commands.Remoting.Service;HCAService;cmstart;startssonsvr;ctxhide;mmvdhost;runonce;rdpclip;TabTip;InputPersonalization;TabTip32;TSTheme;ngen;XTE;CtxSvcHost;OSPPSVC;TelemetryService;CtxAudioService;picatzrestore;CheckTermSrv;IMATest;RequestTicket;csc;cvtres;ssoncom;UpmUserMsg;CtxPvD;MultimediaRedirector;gpscript;shutdown;splwow64</Value><Reserved01 /></VUEMSystemMonitoringSetting><VUEMSystemMonitoringSetting><State>1</State><IdItem>10</IdItem><IdSite>1</IdSite><RevisionId>2</RevisionId><Name>EnableStrictPrivacy</Name><Value>0</Value><Reserved01 /></VUEMSystemMonitoringSetting><VUEMSystemMonitoringSetting><State>1</State><IdItem>11</IdItem><IdSite>1</IdSite><RevisionId>2</RevisionId><Name>BusinessDayStartHour</Name><Value>8</Value><Reserved01 /></VUEMSystemMonitoringSetting><VUEMSystemMonitoringSetting><State>1</State><IdItem>12</IdItem><IdSite>1</IdSite><RevisionId>2</RevisionId><Name>BusinessDayEndHour</Name><Value>19</Value><Reserved01 /></VUEMSystemMonitoringSetting><VUEMSystemMonitoringSetting><State>1</State><IdItem>13</IdItem><IdSite>1</IdSite><RevisionId>2</RevisionId><Name>ReportsBootTimeMinimum</Name><Value>5</Value><Reserved01 /></VUEMSystemMonitoringSetting><VUEMSystemMonitoringSetting><State>1</State><IdItem>14</IdItem><IdSite>1</IdSite><RevisionId>2</RevisionId><Name>ReportsLoginTimeMinimum</Name><Value>5</Value><Reserved01 /></VUEMSystemMonitoringSetting><VUEMSystemMonitoringSetting><State>1</State><IdItem>15</IdItem><IdSite>1</IdSite><RevisionId>2</RevisionId><Name>EnableWorkDaysFiltering</Name><Value>1</Value><Reserved01 /></VUEMSystemMonitoringSetting><VUEMSystemMonitoringSetting><State>1</State><IdItem>16</IdItem><IdSite>1</IdSite><RevisionId>2</RevisionId><Name>WorkDaysFilter</Name><Value>1;1;1;1;1;0;0</Value><Reserved01 /></VUEMSystemMonitoringSetting></ArrayOfVUEMSystemMonitoringSetting>