﻿﻿<?xml version="1.0" encoding="utf-8"?><ArrayOfVUEMSystemUtilitiesSetting xmlns:xsd="http://www.w3.org/2001/XMLSchema" xmlns:xsi="http://www.w3.org/2001/XMLSchema-instance"><VUEMSystemUtilitiesSetting><State>1</State><Type>0</Type><IdItem>1</IdItem><IdSite>1</IdSite><RevisionId>3</RevisionId><Name>EnableFastLogoff</Name><Value>0</Value><Reserved01 /></VUEMSystemUtilitiesSetting><VUEMSystemUtilitiesSetting><State>1</State><Type>0</Type><IdItem>2</IdItem><IdSite>1</IdSite><RevisionId>3</RevisionId><Name>ExcludeGroupsFromFastLogoff</Name><Value>0</Value><Reserved01 /></VUEMSystemUtilitiesSetting><VUEMSystemUtilitiesSetting><State>1</State><Type>0</Type><IdItem>3</IdItem><IdSite>1</IdSite><RevisionId>3</RevisionId><Name>FastLogoffExcludedGroups</Name><Value /><Reserved01 /></VUEMSystemUtilitiesSetting><VUEMSystemUtilitiesSetting><State>1</State><Type>1</Type><IdItem>4</IdItem><IdSite>1</IdSite><RevisionId>3</RevisionId><Name>EnableCPUSpikesProtection</Name><Value>1</Value><Reserved01 /></VUEMSystemUtilitiesSetting><VUEMSystemUtilitiesSetting><State>1</State><Type>1</Type><IdItem>5</IdItem><IdSite>1</IdSite><RevisionId>3</RevisionId><Name>SpikesProtectionCPUUsageLimitPercent</Name><Value>25</Value><Reserved01 /></VUEMSystemUtilitiesSetting><VUEMSystemUtilitiesSetting><State>1</State><Type>1</Type><IdItem>6</IdItem><IdSite>1</IdSite><RevisionId>3</RevisionId><Name>SpikesProtectionCPUUsageLimitSampleTime</Name><Value>30</Value><Reserved01 /></VUEMSystemUtilitiesSetting><VUEMSystemUtilitiesSetting><State>1</State><Type>1</Type><IdItem>7</IdItem><IdSite>1</IdSite><RevisionId>3</RevisionId><Name>SpikesProtectionIdlePriorityConstraintTime</Name><Value>180</Value><Reserved01 /></VUEMSystemUtilitiesSetting><VUEMSystemUtilitiesSetting><State>1</State><Type>1</Type><IdItem>8</IdItem><IdSite>1</IdSite><RevisionId>3</RevisionId><Name>ExcludeProcessesFromCPUSpikesProtection</Name><Value>0</Value><Reserved01 /></VUEMSystemUtilitiesSetting><VUEMSystemUtilitiesSetting><State>1</State><Type>1</Type><IdItem>9</IdItem><IdSite>1</IdSite><RevisionId>3</RevisionId><Name>CPUSpikesProtectionExcludedProcesses</Name><Value /><Reserved01 /></VUEMSystemUtilitiesSetting><VUEMSystemUtilitiesSetting><State>1</State><Type>2</Type><IdItem>10</IdItem><IdSite>1</IdSite><RevisionId>3</RevisionId><Name>EnableMemoryWorkingSetOptimization</Name><Value>1</Value><Reserved01 /></VUEMSystemUtilitiesSetting><VUEMSystemUtilitiesSetting><State>1</State><Type>2</Type><IdItem>11</IdItem><IdSite>1</IdSite><RevisionId>4</RevisionId><Name>MemoryWorkingSetOptimizationIdleSampleTime</Name><Value>30</Value><Reserved01 /></VUEMSystemUtilitiesSetting><VUEMSystemUtilitiesSetting><State>1</State><Type>2</Type><IdItem>12</IdItem><IdSite>1</IdSite><RevisionId>3</RevisionId><Name>ExcludeProcessesFromMemoryWorkingSetOptimization</Name><Value>0</Value><Reserved01 /></VUEMSystemUtilitiesSetting><VUEMSystemUtilitiesSetting><State>1</State><Type>2</Type><IdItem>13</IdItem><IdSite>1</IdSite><RevisionId>3</RevisionId><Name>MemoryWorkingSetOptimizationExcludedProcesses</Name><Value /><Reserved01 /></VUEMSystemUtilitiesSetting><VUEMSystemUtilitiesSetting><State>1</State><Type>3</Type><IdItem>14</IdItem><IdSite>1</IdSite><RevisionId>3</RevisionId><Name>EnableProcessesBlackListing</Name><Value>0</Value><Reserved01 /></VUEMSystemUtilitiesSetting><VUEMSystemUtilitiesSetting><State>1</State><Type>3</Type><IdItem>15</IdItem><IdSite>1</IdSite><RevisionId>3</RevisionId><Name>ProcessesManagementBlackListedProcesses</Name><Value /><Reserved01 /></VUEMSystemUtilitiesSetting><VUEMSystemUtilitiesSetting><State>1</State><Type>3</Type><IdItem>16</IdItem><IdSite>1</IdSite><RevisionId>3</RevisionId><Name>ProcessesManagementBlackListExcludeLocalAdministrators</Name><Value>0</Value><Reserved01 /></VUEMSystemUtilitiesSetting><VUEMSystemUtilitiesSetting><State>1</State><Type>3</Type><IdItem>17</IdItem><IdSite>1</IdSite><RevisionId>3</RevisionId><Name>ProcessesManagementBlackListExcludeSpecifiedGroups</Name><Value>0</Value><Reserved01 /></VUEMSystemUtilitiesSetting><VUEMSystemUtilitiesSetting><State>1</State><Type>3</Type><IdItem>18</IdItem><IdSite>1</IdSite><RevisionId>3</RevisionId><Name>ProcessesManagementBlackListExcludedSpecifiedGroupsList</Name><Value /><Reserved01 /></VUEMSystemUtilitiesSetting><VUEMSystemUtilitiesSetting><State>1</State><Type>3</Type><IdItem>19</IdItem><IdSite>1</IdSite><RevisionId>3</RevisionId><Name>EnableProcessesWhiteListing</Name><Value>0</Value><Reserved01 /></VUEMSystemUtilitiesSetting><VUEMSystemUtilitiesSetting><State>1</State><Type>3</Type><IdItem>20</IdItem><IdSite>1</IdSite><RevisionId>3</RevisionId><Name>ProcessesManagementWhiteListedProcesses</Name><Value /><Reserved01 /></VUEMSystemUtilitiesSetting><VUEMSystemUtilitiesSetting><State>1</State><Type>3</Type><IdItem>21</IdItem><IdSite>1</IdSite><RevisionId>3</RevisionId><Name>ProcessesManagementWhiteListExcludeLocalAdministrators</Name><Value>0</Value><Reserved01 /></VUEMSystemUtilitiesSetting><VUEMSystemUtilitiesSetting><State>1</State><Type>3</Type><IdItem>22</IdItem><IdSite>1</IdSite><RevisionId>3</RevisionId><Name>ProcessesManagementWhiteListExcludeSpecifiedGroups</Name><Value>0</Value><Reserved01 /></VUEMSystemUtilitiesSetting><VUEMSystemUtilitiesSetting><State>1</State><Type>3</Type><IdItem>23</IdItem><IdSite>1</IdSite><RevisionId>3</RevisionId><Name>ProcessesManagementWhiteListExcludedSpecifiedGroupsList</Name><Value /><Reserved01 /></VUEMSystemUtilitiesSetting><VUEMSystemUtilitiesSetting><State>1</State><Type>3</Type><IdItem>24</IdItem><IdSite>1</IdSite><RevisionId>3</RevisionId><Name>EnableProcessesManagement</Name><Value>0</Value><Reserved01 /></VUEMSystemUtilitiesSetting><VUEMSystemUtilitiesSetting><State>1</State><Type>4</Type><IdItem>25</IdItem><IdSite>1</IdSite><RevisionId>3</RevisionId><Name>EnableProcessesClamping</Name><Value>0</Value><Reserved01 /></VUEMSystemUtilitiesSetting><VUEMSystemUtilitiesSetting><State>1</State><Type>4</Type><IdItem>26</IdItem><IdSite>1</IdSite><RevisionId>3</RevisionId><Name>ProcessesClampingList</Name><Value /><Reserved01 /></VUEMSystemUtilitiesSetting><VUEMSystemUtilitiesSetting><State>1</State><Type>5</Type><IdItem>27</IdItem><IdSite>1</IdSite><RevisionId>2</RevisionId><Name>EnableProcessesAffinity</Name><Value>0</Value><Reserved01 /></VUEMSystemUtilitiesSetting><VUEMSystemUtilitiesSetting><State>1</State><Type>5</Type><IdItem>28</IdItem><IdSite>1</IdSite><RevisionId>2</RevisionId><Name>ProcessesAffinityList</Name><Value /><Reserved01 /></VUEMSystemUtilitiesSetting><VUEMSystemUtilitiesSetting><State>1</State><Type>6</Type><IdItem>29</IdItem><IdSite>1</IdSite><RevisionId>2</RevisionId><Name>EnableProcessesIoPriority</Name><Value>0</Value><Reserved01 /></VUEMSystemUtilitiesSetting><VUEMSystemUtilitiesSetting><State>1</State><Type>6</Type><IdItem>30</IdItem><IdSite>1</IdSite><RevisionId>2</RevisionId><Name>ProcessesIoPriorityList</Name><Value /><Reserved01 /></VUEMSystemUtilitiesSetting><VUEMSystemUtilitiesSetting><State>1</State><Type>7</Type><IdItem>31</IdItem><IdSite>1</IdSite><RevisionId>2</RevisionId><Name>EnableProcessesCpuPriority</Name><Value>0</Value><Reserved01 /></VUEMSystemUtilitiesSetting><VUEMSystemUtilitiesSetting><State>1</State><Type>7</Type><IdItem>32</IdItem><IdSite>1</IdSite><RevisionId>2</RevisionId><Name>ProcessesCpuPriorityList</Name><Value /><Reserved01 /></VUEMSystemUtilitiesSetting><VUEMSystemUtilitiesSetting><State>1</State><Type>2</Type><IdItem>33</IdItem><IdSite>1</IdSite><RevisionId>2</RevisionId><Name>MemoryWorkingSetOptimizationIdleStateLimitPercent</Name><Value>1</Value><Reserved01 /></VUEMSystemUtilitiesSetting><VUEMSystemUtilitiesSetting><State>1</State><Type>1</Type><IdItem>34</IdItem><IdSite>1</IdSite><RevisionId>2</RevisionId><Name>EnableIntelligentCpuOptimization</Name><Value>1</Value><Reserved01 /></VUEMSystemUtilitiesSetting><VUEMSystemUtilitiesSetting><State>1</State><Type>1</Type><IdItem>35</IdItem><IdSite>1</IdSite><RevisionId>2</RevisionId><Name>EnableIntelligentIoOptimization</Name><Value>1</Value><Reserved01 /></VUEMSystemUtilitiesSetting></ArrayOfVUEMSystemUtilitiesSetting>