﻿﻿<?xml version="1.0" encoding="utf-8"?><ArrayOfVUEMEnvironmentalSetting xmlns:xsd="http://www.w3.org/2001/XMLSchema" xmlns:xsi="http://www.w3.org/2001/XMLSchema-instance"><VUEMEnvironmentalSetting><State>1</State><Type>0</Type><IdItem>1</IdItem><IdSite>1</IdSite><RevisionId>2</RevisionId><Name>HideCommonPrograms</Name><Value>1</Value><Reserved01 /></VUEMEnvironmentalSetting><VUEMEnvironmentalSetting><State>1</State><Type>0</Type><IdItem>2</IdItem><IdSite>1</IdSite><RevisionId>2</RevisionId><Name>HideControlPanel</Name><Value>0</Value><Reserved01 /></VUEMEnvironmentalSetting><VUEMEnvironmentalSetting><State>1</State><Type>0</Type><IdItem>3</IdItem><IdSite>1</IdSite><RevisionId>2</RevisionId><Name>RemoveRunFromStartMenu</Name><Value>1</Value><Reserved01 /></VUEMEnvironmentalSetting><VUEMEnvironmentalSetting><State>1</State><Type>0</Type><IdItem>4</IdItem><IdSite>1</IdSite><RevisionId>2</RevisionId><Name>HideNetworkIcon</Name><Value>1</Value><Reserved01 /></VUEMEnvironmentalSetting><VUEMEnvironmentalSetting><State>1</State><Type>0</Type><IdItem>5</IdItem><IdSite>1</IdSite><RevisionId>2</RevisionId><Name>HideAdministrativeTools</Name><Value>1</Value><Reserved01 /></VUEMEnvironmentalSetting><VUEMEnvironmentalSetting><State>1</State><Type>0</Type><IdItem>6</IdItem><IdSite>1</IdSite><RevisionId>2</RevisionId><Name>HideNetworkConnections</Name><Value>1</Value><Reserved01 /></VUEMEnvironmentalSetting><VUEMEnvironmentalSetting><State>1</State><Type>0</Type><IdItem>7</IdItem><IdSite>1</IdSite><RevisionId>2</RevisionId><Name>HideHelp</Name><Value>1</Value><Reserved01 /></VUEMEnvironmentalSetting><VUEMEnvironmentalSetting><State>1</State><Type>0</Type><IdItem>8</IdItem><IdSite>1</IdSite><RevisionId>2</RevisionId><Name>HideWindowsUpdate</Name><Value>1</Value><Reserved01 /></VUEMEnvironmentalSetting><VUEMEnvironmentalSetting><State>1</State><Type>0</Type><IdItem>9</IdItem><IdSite>1</IdSite><RevisionId>2</RevisionId><Name>HideTurnOff</Name><Value>1</Value><Reserved01 /></VUEMEnvironmentalSetting><VUEMEnvironmentalSetting><State>1</State><Type>0</Type><IdItem>10</IdItem><IdSite>1</IdSite><RevisionId>2</RevisionId><Name>ForceLogoff</Name><Value>1</Value><Reserved01 /></VUEMEnvironmentalSetting><VUEMEnvironmentalSetting><State>1</State><Type>0</Type><IdItem>11</IdItem><IdSite>1</IdSite><RevisionId>2</RevisionId><Name>HideFind</Name><Value>1</Value><Reserved01 /></VUEMEnvironmentalSetting><VUEMEnvironmentalSetting><State>1</State><Type>0</Type><IdItem>12</IdItem><IdSite>1</IdSite><RevisionId>2</RevisionId><Name>DisableRegistryEditing</Name><Value>1</Value><Reserved01 /></VUEMEnvironmentalSetting><VUEMEnvironmentalSetting><State>1</State><Type>0</Type><IdItem>13</IdItem><IdSite>1</IdSite><RevisionId>2</RevisionId><Name>DisableCmd</Name><Value>1</Value><Reserved01 /></VUEMEnvironmentalSetting><VUEMEnvironmentalSetting><State>1</State><Type>0</Type><IdItem>14</IdItem><IdSite>1</IdSite><RevisionId>2</RevisionId><Name>NoNetConnectDisconnect</Name><Value>1</Value><Reserved01 /></VUEMEnvironmentalSetting><VUEMEnvironmentalSetting><State>1</State><Type>1</Type><IdItem>15</IdItem><IdSite>1</IdSite><RevisionId>2</RevisionId><Name>Turnoffnotificationareacleanup</Name><Value>1</Value><Reserved01 /></VUEMEnvironmentalSetting><VUEMEnvironmentalSetting><State>1</State><Type>1</Type><IdItem>16</IdItem><IdSite>1</IdSite><RevisionId>2</RevisionId><Name>LockTaskbar</Name><Value>1</Value><Reserved01 /></VUEMEnvironmentalSetting><VUEMEnvironmentalSetting><State>1</State><Type>1</Type><IdItem>17</IdItem><IdSite>1</IdSite><RevisionId>2</RevisionId><Name>TurnOffpersonalizedmenus</Name><Value>1</Value><Reserved01 /></VUEMEnvironmentalSetting><VUEMEnvironmentalSetting><State>1</State><Type>1</Type><IdItem>18</IdItem><IdSite>1</IdSite><RevisionId>2</RevisionId><Name>ClearRecentprogramslist</Name><Value>1</Value><Reserved01 /></VUEMEnvironmentalSetting><VUEMEnvironmentalSetting><State>1</State><Type>0</Type><IdItem>19</IdItem><IdSite>1</IdSite><RevisionId>2</RevisionId><Name>RemoveContextMenuManageItem</Name><Value>1</Value><Reserved01 /></VUEMEnvironmentalSetting><VUEMEnvironmentalSetting><State>1</State><Type>1</Type><IdItem>20</IdItem><IdSite>1</IdSite><RevisionId>2</RevisionId><Name>HideSpecifiedDrivesFromExplorer</Name><Value>1</Value><Reserved01 /></VUEMEnvironmentalSetting><VUEMEnvironmentalSetting><State>1</State><Type>1</Type><IdItem>21</IdItem><IdSite>1</IdSite><RevisionId>2</RevisionId><Name>ExplorerHiddenDrives</Name><Value>A;B;C;D</Value><Reserved01 /></VUEMEnvironmentalSetting><VUEMEnvironmentalSetting><State>1</State><Type>1</Type><IdItem>22</IdItem><IdSite>1</IdSite><RevisionId>2</RevisionId><Name>DisableDragFullWindows</Name><Value>1</Value><Reserved01 /></VUEMEnvironmentalSetting><VUEMEnvironmentalSetting><State>1</State><Type>1</Type><IdItem>23</IdItem><IdSite>1</IdSite><RevisionId>2</RevisionId><Name>DisableSmoothScroll</Name><Value>1</Value><Reserved01 /></VUEMEnvironmentalSetting><VUEMEnvironmentalSetting><State>1</State><Type>1</Type><IdItem>24</IdItem><IdSite>1</IdSite><RevisionId>2</RevisionId><Name>DisableCursorBlink</Name><Value>1</Value><Reserved01 /></VUEMEnvironmentalSetting><VUEMEnvironmentalSetting><State>1</State><Type>1</Type><IdItem>25</IdItem><IdSite>1</IdSite><RevisionId>2</RevisionId><Name>DisableMinAnimate</Name><Value>1</Value><Reserved01 /></VUEMEnvironmentalSetting><VUEMEnvironmentalSetting><State>1</State><Type>1</Type><IdItem>26</IdItem><IdSite>1</IdSite><RevisionId>2</RevisionId><Name>SetInteractiveDelay</Name><Value>1</Value><Reserved01 /></VUEMEnvironmentalSetting><VUEMEnvironmentalSetting><State>1</State><Type>1</Type><IdItem>27</IdItem><IdSite>1</IdSite><RevisionId>2</RevisionId><Name>InteractiveDelayValue</Name><Value>40</Value><Reserved01 /></VUEMEnvironmentalSetting><VUEMEnvironmentalSetting><State>1</State><Type>1</Type><IdItem>28</IdItem><IdSite>1</IdSite><RevisionId>2</RevisionId><Name>EnableAutoEndTasks</Name><Value>1</Value><Reserved01 /></VUEMEnvironmentalSetting><VUEMEnvironmentalSetting><State>1</State><Type>1</Type><IdItem>29</IdItem><IdSite>1</IdSite><RevisionId>2</RevisionId><Name>WaitToKillAppTimeout</Name><Value>20000</Value><Reserved01 /></VUEMEnvironmentalSetting><VUEMEnvironmentalSetting><State>1</State><Type>1</Type><IdItem>30</IdItem><IdSite>1</IdSite><RevisionId>2</RevisionId><Name>SetCursorBlinkRate</Name><Value>1</Value><Reserved01 /></VUEMEnvironmentalSetting><VUEMEnvironmentalSetting><State>1</State><Type>1</Type><IdItem>31</IdItem><IdSite>1</IdSite><RevisionId>2</RevisionId><Name>CursorBlinkRateValue</Name><Value>-1</Value><Reserved01 /></VUEMEnvironmentalSetting><VUEMEnvironmentalSetting><State>1</State><Type>1</Type><IdItem>32</IdItem><IdSite>1</IdSite><RevisionId>2</RevisionId><Name>SetMenuShowDelay</Name><Value>1</Value><Reserved01 /></VUEMEnvironmentalSetting><VUEMEnvironmentalSetting><State>1</State><Type>1</Type><IdItem>33</IdItem><IdSite>1</IdSite><RevisionId>2</RevisionId><Name>MenuShowDelayValue</Name><Value>10</Value><Reserved01 /></VUEMEnvironmentalSetting><VUEMEnvironmentalSetting><State>1</State><Type>1</Type><IdItem>34</IdItem><IdSite>1</IdSite><RevisionId>2</RevisionId><Name>SetVisualStyleFile</Name><Value>1</Value><Reserved01 /></VUEMEnvironmentalSetting><VUEMEnvironmentalSetting><State>1</State><Type>1</Type><IdItem>35</IdItem><IdSite>1</IdSite><RevisionId>2</RevisionId><Name>VisualStyleFileValue</Name><Value>%windir%\resources\Themes\Aero\aero.msstyles</Value><Reserved01 /></VUEMEnvironmentalSetting><VUEMEnvironmentalSetting><State>1</State><Type>1</Type><IdItem>36</IdItem><IdSite>1</IdSite><RevisionId>2</RevisionId><Name>SetWallpaper</Name><Value>1</Value><Reserved01 /></VUEMEnvironmentalSetting><VUEMEnvironmentalSetting><State>1</State><Type>1</Type><IdItem>37</IdItem><IdSite>1</IdSite><RevisionId>2</RevisionId><Name>Wallpaper</Name><Value>None</Value><Reserved01 /></VUEMEnvironmentalSetting><VUEMEnvironmentalSetting><State>1</State><Type>1</Type><IdItem>38</IdItem><IdSite>1</IdSite><RevisionId>3</RevisionId><Name>WallpaperStyle</Name><Value>2</Value><Reserved01 /></VUEMEnvironmentalSetting><VUEMEnvironmentalSetting><State>1</State><Type>2</Type><IdItem>39</IdItem><IdSite>1</IdSite><RevisionId>2</RevisionId><Name>processEnvironmentalSettings</Name><Value>1</Value><Reserved01 /></VUEMEnvironmentalSetting><VUEMEnvironmentalSetting><State>1</State><Type>1</Type><IdItem>40</IdItem><IdSite>1</IdSite><RevisionId>2</RevisionId><Name>RestrictSpecifiedDrivesFromExplorer</Name><Value>1</Value><Reserved01 /></VUEMEnvironmentalSetting><VUEMEnvironmentalSetting><State>1</State><Type>1</Type><IdItem>41</IdItem><IdSite>1</IdSite><RevisionId>2</RevisionId><Name>ExplorerRestrictedDrives</Name><Value>A;B;D</Value><Reserved01 /></VUEMEnvironmentalSetting><VUEMEnvironmentalSetting><State>1</State><Type>1</Type><IdItem>42</IdItem><IdSite>1</IdSite><RevisionId>2</RevisionId><Name>HideNetworkInExplorer</Name><Value>1</Value><Reserved01 /></VUEMEnvironmentalSetting><VUEMEnvironmentalSetting><State>1</State><Type>1</Type><IdItem>43</IdItem><IdSite>1</IdSite><RevisionId>2</RevisionId><Name>HideLibrairiesInExplorer</Name><Value>1</Value><Reserved01 /></VUEMEnvironmentalSetting><VUEMEnvironmentalSetting><State>1</State><Type>0</Type><IdItem>44</IdItem><IdSite>1</IdSite><RevisionId>2</RevisionId><Name>NoProgramsCPL</Name><Value>1</Value><Reserved01 /></VUEMEnvironmentalSetting><VUEMEnvironmentalSetting><State>1</State><Type>0</Type><IdItem>45</IdItem><IdSite>1</IdSite><RevisionId>2</RevisionId><Name>NoPropertiesMyComputer</Name><Value>1</Value><Reserved01 /></VUEMEnvironmentalSetting><VUEMEnvironmentalSetting><State>1</State><Type>1</Type><IdItem>46</IdItem><IdSite>1</IdSite><RevisionId>2</RevisionId><Name>SetSpecificThemeFile</Name><Value>1</Value><Reserved01 /></VUEMEnvironmentalSetting><VUEMEnvironmentalSetting><State>1</State><Type>1</Type><IdItem>47</IdItem><IdSite>1</IdSite><RevisionId>2</RevisionId><Name>SpecificThemeFileValue</Name><Value>%windir%\resources\Themes\aero.theme</Value><Reserved01 /></VUEMEnvironmentalSetting><VUEMEnvironmentalSetting><State>1</State><Type>1</Type><IdItem>48</IdItem><IdSite>1</IdSite><RevisionId>2</RevisionId><Name>DisableSpecifiedKnownFolders</Name><Value>0</Value><Reserved01 /></VUEMEnvironmentalSetting><VUEMEnvironmentalSetting><State>1</State><Type>1</Type><IdItem>49</IdItem><IdSite>1</IdSite><RevisionId>2</RevisionId><Name>DisabledKnownFolders</Name><Value /><Reserved01 /></VUEMEnvironmentalSetting><VUEMEnvironmentalSetting><State>1</State><Type>0</Type><IdItem>50</IdItem><IdSite>1</IdSite><RevisionId>2</RevisionId><Name>DisableSilentRegedit</Name><Value>0</Value><Reserved01 /></VUEMEnvironmentalSetting><VUEMEnvironmentalSetting><State>1</State><Type>0</Type><IdItem>51</IdItem><IdSite>1</IdSite><RevisionId>2</RevisionId><Name>DisableCmdScripts</Name><Value>0</Value><Reserved01 /></VUEMEnvironmentalSetting><VUEMEnvironmentalSetting><State>1</State><Type>0</Type><IdItem>52</IdItem><IdSite>1</IdSite><RevisionId>2</RevisionId><Name>HideDevicesandPrinters</Name><Value>1</Value><Reserved01 /></VUEMEnvironmentalSetting><VUEMEnvironmentalSetting><State>1</State><Type>2</Type><IdItem>53</IdItem><IdSite>1</IdSite><RevisionId>2</RevisionId><Name>processEnvironmentalSettingsForAdmins</Name><Value>0</Value><Reserved01 /></VUEMEnvironmentalSetting><VUEMEnvironmentalSetting><State>1</State><Type>0</Type><IdItem>54</IdItem><IdSite>1</IdSite><RevisionId>2</RevisionId><Name>HideSystemClock</Name><Value>0</Value><Reserved01 /></VUEMEnvironmentalSetting><VUEMEnvironmentalSetting><State>1</State><Type>0</Type><IdItem>55</IdItem><IdSite>1</IdSite><RevisionId>2</RevisionId><Name>SetDesktopBackGroundColor</Name><Value>1</Value><Reserved01 /></VUEMEnvironmentalSetting><VUEMEnvironmentalSetting><State>1</State><Type>0</Type><IdItem>56</IdItem><IdSite>1</IdSite><RevisionId>2</RevisionId><Name>DesktopBackGroundColor</Name><Value>DarkGray</Value><Reserved01 /></VUEMEnvironmentalSetting><VUEMEnvironmentalSetting><State>1</State><Type>1</Type><IdItem>57</IdItem><IdSite>1</IdSite><RevisionId>2</RevisionId><Name>NoMyComputerIcon</Name><Value>0</Value><Reserved01 /></VUEMEnvironmentalSetting><VUEMEnvironmentalSetting><State>1</State><Type>1</Type><IdItem>58</IdItem><IdSite>1</IdSite><RevisionId>2</RevisionId><Name>NoRecycleBinIcon</Name><Value>1</Value><Reserved01 /></VUEMEnvironmentalSetting><VUEMEnvironmentalSetting><State>1</State><Type>0</Type><IdItem>59</IdItem><IdSite>1</IdSite><RevisionId>2</RevisionId><Name>NoPropertiesRecycleBin</Name><Value>1</Value><Reserved01 /></VUEMEnvironmentalSetting><VUEMEnvironmentalSetting><State>1</State><Type>1</Type><IdItem>60</IdItem><IdSite>1</IdSite><RevisionId>2</RevisionId><Name>NoMyDocumentsIcon</Name><Value>0</Value><Reserved01 /></VUEMEnvironmentalSetting><VUEMEnvironmentalSetting><State>1</State><Type>0</Type><IdItem>61</IdItem><IdSite>1</IdSite><RevisionId>2</RevisionId><Name>NoPropertiesMyDocuments</Name><Value>1</Value><Reserved01 /></VUEMEnvironmentalSetting><VUEMEnvironmentalSetting><State>1</State><Type>0</Type><IdItem>62</IdItem><IdSite>1</IdSite><RevisionId>2</RevisionId><Name>NoNtSecurity</Name><Value>1</Value><Reserved01 /></VUEMEnvironmentalSetting><VUEMEnvironmentalSetting><State>1</State><Type>0</Type><IdItem>63</IdItem><IdSite>1</IdSite><RevisionId>2</RevisionId><Name>DisableTaskMgr</Name><Value>0</Value><Reserved01 /></VUEMEnvironmentalSetting><VUEMEnvironmentalSetting><State>1</State><Type>0</Type><IdItem>64</IdItem><IdSite>1</IdSite><RevisionId>2</RevisionId><Name>RestrictCpl</Name><Value>1</Value><Reserved01 /></VUEMEnvironmentalSetting><VUEMEnvironmentalSetting><State>1</State><Type>0</Type><IdItem>65</IdItem><IdSite>1</IdSite><RevisionId>2</RevisionId><Name>RestrictCplList</Name><Value>Display</Value><Reserved01 /></VUEMEnvironmentalSetting><VUEMEnvironmentalSetting><State>1</State><Type>0</Type><IdItem>66</IdItem><IdSite>1</IdSite><RevisionId>2</RevisionId><Name>DisallowCpl</Name><Value>0</Value><Reserved01 /></VUEMEnvironmentalSetting><VUEMEnvironmentalSetting><State>1</State><Type>0</Type><IdItem>67</IdItem><IdSite>1</IdSite><RevisionId>2</RevisionId><Name>DisallowCplList</Name><Value /><Reserved01 /></VUEMEnvironmentalSetting></ArrayOfVUEMEnvironmentalSetting>